Company Name,Batch,Location,Description,Industry,Tags,Website,Team Size,Status,Stage,Founder Names,Founder LinkedIn Profiles,YC Profile URL
Brickanta,Fall 2025,"Stockholm, Stockholm County, Sweden","Construction's AI platform for bid analysis, estimation and…",B2B | Infrastructure,"Artificial Intelligence, Machine Learning, Construction, AI Assistant",https://www.brickanta.com,8,Active,Early,,,https://www.ycombinator.com/companies/brickanta
Nexus,Fall 2025,"Brussels, Brussels, Belgium",We help non-technical teams build AI agents without engineers,B2B,"Artificial Intelligence, No-code, Enterprise Software",https://agent.nexus,2,Active,Early,,,https://www.ycombinator.com/companies/gpt
Specific,Fall 2025,"Stockholm, Stockholm County, Sweden",Build and deploy production-ready backends without code,"B2B | Engineering, Product and Design","Artificial Intelligence, Developer Tools, No-code, DevOps",https://specific.dev,2,Active,Early,,,https://www.ycombinator.com/companies/specific
Openroll,Fall 2025,"Stockholm, Stockholm County, Sweden",AI-Native Workday,B2B,"B2B, HR Tech, Data Visualization, Enterprise Software, AI",https://www.openroll.com,4,Active,Early,,,https://www.ycombinator.com/companies/openroll
Motives,Summer 2025,"London, England, United Kingdom",Consumer focus groups run by AI,B2B | Marketing,"Artificial Intelligence, B2B, Marketing, Market Research",https://motives.ai/,,Active,Early,,,https://www.ycombinator.com/companies/motives
Opine,Spring 2025,"London, England, United Kingdom",Opinionated AI,Consumer,"Consumer, AI",https://www.opine.chat,2,Active,Early,,,https://www.ycombinator.com/companies/opine
QFEX,Spring 2025,"London, England, United Kingdom",24/7 Global Stock Exchange,Fintech | Banking and Exchange,"Fintech, Marketplace, Trading",https://qfex.com,9,Active,Early,,,https://www.ycombinator.com/companies/qfex
cubic,Spring 2025,"London, England, United Kingdom",AI-powered code review platform,"B2B | Engineering, Product and Design",Developer Tools,https://cubic.dev/,3,Active,Early,,,https://www.ycombinator.com/companies/cubic
HelixDB,Spring 2025,"London, England, United Kingdom",The fastest & most scalable graph-vector database on the market,"B2B | Engineering, Product and Design","Developer Tools, Open Source, Infrastructure, AI, Databases",https://helix-db.com,6,Active,Early,,,https://www.ycombinator.com/companies/helixdb
Parsewise,Spring 2025,"London, England, United Kingdom",Automated document package parsing for investment & underwriting teams,B2B,,https://parsewise.ai,4,Active,Early,,,https://www.ycombinator.com/companies/parsewise
Crimson,Spring 2025,"London, England, United Kingdom",The AI Associate for Litigation Lawyers,B2B | Legal,"Artificial Intelligence, SaaS, Legal",https://crimson.law,4,Active,Early,,,https://www.ycombinator.com/companies/crimson
Lucis,Spring 2025,"Paris, Île-de-France, France",Function Health for Europe ,Healthcare | Consumer Health and Wellness,,https://www.lucis.life,17,Active,Early,,,https://www.ycombinator.com/companies/lucis
PowerMatrix,Spring 2025,"Cambridge, England, United Kingdom",Efficient and compact power supply for AI hardware,Industrials | Energy,"Hard Tech, Hardware, Energy, Semiconductors, Electronics",https://pwrmatrix.com,2,Active,Early,,,https://www.ycombinator.com/companies/powermatrix
Moby Analytics,Spring 2025,"Paris, Île-de-France, France",AI financial auditors,B2B | Finance and Accounting,"Artificial Intelligence, Automation",https://www.mobyanalytics.com/,4,Active,Early,,,https://www.ycombinator.com/companies/moby-analytics
Alice.tech,Winter 2025,"Copenhagen, Denmark",AI-driven exam prep,Education,"AI-Enhanced Learning, Artificial Intelligence, Education, Generative AI, SaaS",https://www.alice.tech/,5,Active,Early,,,https://www.ycombinator.com/companies/alice-tech
Rally,Winter 2025,"Berlin, Berlin, Germany",Financial OS for Modern Fleets,Fintech,"Fintech, Logistics, Transportation, AI",https://www.getrally.com/,5,Active,Early,,,https://www.ycombinator.com/companies/rally-3
Stillwind,Winter 2025,"Zürich, ZH, Switzerland",Autonomous Electrical Engineering,"B2B | Engineering, Product and Design","AIOps, Artificial Intelligence, Electronics",https://stillwind.ai,4,Active,Early,,,https://www.ycombinator.com/companies/stillwind
ReJot,Winter 2025,"Amsterdam, NH, Netherlands",We turn complex API integrations into drop‑in full‑stack libraries ,"B2B | Engineering, Product and Design","Developer Tools, API, Infrastructure, Databases",https://rejot.dev,2,Active,Early,,,https://www.ycombinator.com/companies/rejot
telli,Fall 2024,"Berlin, Berlin, Germany",AI phone agents that convert,B2B,,https://telli.com,6,Active,Early,,,https://www.ycombinator.com/companies/telli
Dexter,Fall 2024,"Berlin, Berlin, Germany",AI-powered Source-to-Pay,B2B | Operations,"SaaS, B2B, Workflow Automation, Automation",https://www.getdexter.co/,3,Active,Early,,,https://www.ycombinator.com/companies/dexter
Fuse,Summer 2024,"London, England, United Kingdom",AI helpers for patient intake and benefits checks,Healthcare,"Artificial Intelligence, Fintech, Payments, B2B, Healthcare",http://www.fuseinsight.com,3,Active,Early,,,https://www.ycombinator.com/companies/fuse-2
Evolvere BioSciences,Summer 2024,"Oxford, England, United Kingdom",Making Next-Generation Antibiotics that Outpace Bacterial Evolution,Healthcare | Therapeutics,"AI-powered Drug Discovery, Artificial Intelligence, Biotech, Therapeutics, Biotechnology",https://www.evolverebiosciences.com/,3,Active,Early,,,https://www.ycombinator.com/companies/evolvere-biosciences
Tabula,Summer 2024,"Berlin, Berlin, Germany",AI Copilot for SMEs & their accountants in Europe,B2B | Finance and Accounting,,https://www.tabula.de,5,Active,Early,,,https://www.ycombinator.com/companies/tabula
Invaria,Summer 2024,"London, England, United Kingdom",The next generation logging and observability platform,"B2B | Engineering, Product and Design","Artificial Intelligence, Developer Tools, DevOps",https://invaria.com,3,Inactive,Early,,,https://www.ycombinator.com/companies/invaria
RunLocal AI,Summer 2024,"London, England, United Kingdom",The On-Device AI Development Platform ,"B2B | Engineering, Product and Design","Artificial Intelligence, Developer Tools, ML",https://runlocal.ai,3,Active,Early,,,https://www.ycombinator.com/companies/runlocal-ai
Plume,Summer 2024,"Paris, Île-de-France, France",Renewable infrastructure deployment at scale.,Industrials | Climate,"SaaS, Real Estate, Climate, Renewable Energy, ClimateTech",http://www.plumefinder.com,4,Active,Early,,,https://www.ycombinator.com/companies/plume
Conveo,Summer 2024,"Antwerp, Flanders, Belgium",Confident decisions in days with AI-led interviews.,B2B,"SaaS, Feedback, Market Research, Enterprise Software, Conversational AI",https://conveo.ai/,24,Active,Growth,,,https://www.ycombinator.com/companies/conveo
Saturn,Summer 2024,"London, England, United Kingdom",Compliance and back office workflows for Wealth Managers.,Fintech,"Fintech, Generative AI, B2B",https://www.SaturnOS.com,18,Active,Growth,,,https://www.ycombinator.com/companies/saturn
The Forecasting Company,Summer 2024,"Paris, Île-de-France, France",Foundation models for time series,B2B,"Artificial Intelligence, B2B, Supply Chain, Enterprise Software, AI",https://www.theforecastingcompany.com,5,Active,Early,,,https://www.ycombinator.com/companies/the-forecasting-company
Argil,Summer 2024,"Paris, Île-de-France, France",The video generation engine for the creator economy ,Consumer,"Generative AI, Social Media",https://www.argil.ai/,8,Active,Early,,,https://www.ycombinator.com/companies/argil
autarc,Summer 2024,"Berlin, Berlin, Germany",autarc is the OS for Europe's One-Stop Energy Installers,B2B,"Lidar, Computer Vision, B2B, Climate, AI",https://www.autarc.energy/en,30,Active,Early,,,https://www.ycombinator.com/companies/autarc
Legora (formerly Leya),Winter 2024,"Stockholm, Stockholm County, Sweden",The AI workspace for lawyers,B2B | Legal,"Generative AI, LegalTech, AI",https://www.legora.com/,65,Active,Growth,,,https://www.ycombinator.com/companies/legora
Stitch Technologies,Winter 2024,"London, England, United Kingdom",-,"B2B | Engineering, Product and Design","Developer Tools, SaaS",https://www.stitch.tech,0,Inactive,Early,,,https://www.ycombinator.com/companies/stitch-technologies
Maihem,Winter 2024,"London, England, United Kingdom",Adaptive AI welding robots for manufacturers of any scale,Industrials | Manufacturing and Robotics,"Robotics, Manufacturing, AI",https://www.maihem.com,3,Active,Early,,,https://www.ycombinator.com/companies/maihem
Quary,Winter 2024,"London, England, United Kingdom",The first in-browser analytics engineering platform,B2B | Analytics,"Artificial Intelligence, Analytics, Data Science, Data Engineering, AI",https://www.quary.dev,2,Inactive,Early,,,https://www.ycombinator.com/companies/quary
malibou,Winter 2024,"Paris, IDF, France",the first all-in-one payroll and HR software for French SMBs,B2B | Human Resources,"B2B, Productivity, HR Tech, Payroll, SMB",https://www.malibou.co,2,Active,Early,,,https://www.ycombinator.com/companies/malibou
Lumen Payments,Winter 2024,"Berlin, Berlin, Germany",Fastest way to implement payments in your product.,Fintech,"Artificial Intelligence, Fintech, Payments, Open Source, Billing",https://getlumen.dev,2,Active,Early,,,https://www.ycombinator.com/companies/lumen-payments
Topo,Winter 2024,"Paris, Île-de-France, France",AI Agents for outbound working by your side,B2B | Sales,"SaaS, Sales, AI",https://www.topo.io/,12,Active,Early,,,https://www.ycombinator.com/companies/topo
PandasAI,Winter 2024,"Munich, BY, Germany",PandasAI is an open-source conversational data analysis platform with…,B2B | Analytics,"Artificial Intelligence, Analytics, Data Visualization, AI",https://pandas-ai.com,3,Active,Early,,,https://www.ycombinator.com/companies/pandasai
Parallel,Winter 2024,"Paris, Île-de-France, France",AI agents for healthcare admin,Healthcare | Healthcare IT,"Artificial Intelligence, Healthcare, Automation",https://www.beparallel.com/?utm_source=ycombinator&utm_medium=directory,6,Active,Early,,,https://www.ycombinator.com/companies/parallel
Metofico,Winter 2024,"London, England, United Kingdom; Remote",No Code Data Analysis for Life Science Research,"B2B | Engineering, Product and Design","SaaS, Data Science, No-code, Data Visualization",https://metofico.com/,2,Active,Early,,,https://www.ycombinator.com/companies/metofico
Model ML,Winter 2024,"London, England, United Kingdom",AI Workspace for Financial Services.,B2B,"Artificial Intelligence, SaaS, Finance, B2B",https://www.modelml.com/,50,Active,Growth,,,https://www.ycombinator.com/companies/model-ml
CoCrafter,Winter 2024,"Munich, BY, Germany",B2B construction marketplace to match contractors and subcontractors.,Real Estate and Construction | Construction,"Marketplace, Construction",https://cocrafter.com/,9,Active,Early,,,https://www.ycombinator.com/companies/cocrafter
VoxOps AI,Winter 2024,"London, England, United Kingdom",Voice AI for Automotive,B2B,"Artificial Intelligence, B2B, Enterprise, Automotive",https://www.voxopsai.com/,6,Active,Early,,,https://www.ycombinator.com/companies/voxops-ai
Quivr,Winter 2024,"Paris, Île-de-France, France",AI-powered auto-resolutions and reply suggestions for customer…,B2B | Productivity,,https://www.quivr.app/,5,Active,Early,,,https://www.ycombinator.com/companies/quivr
HyLight,Summer 2023,"Paris, Île-de-France, France",Small unmanned hydrogen airships for long range monitoring,Industrials | Climate,"Hydrogen Energy, B2B, Climate, Energy, Aerospace",https://www.hylight.aero/,22,Active,Early,,,https://www.ycombinator.com/companies/hylight
Tremor,Summer 2023,"Zug, ZG, Switzerland",The UI toolkit for Dashboards,"B2B | Engineering, Product and Design","Data Visualization, Web Development",https://www.tremor.so,2,Acquired,Early,,,https://www.ycombinator.com/companies/tremor
Metoro,Summer 2023,"London, England, United Kingdom",AI SRE For Teams on Kubernetes,"B2B | Engineering, Product and Design","Developer Tools, Kubernetes, DevOps, AI",https://metoro.io,,Active,Early,,,https://www.ycombinator.com/companies/metoro
Elyos AI,Summer 2023,"London, England, United Kingdom",AI Customer Service Agents for trades and field services,B2B | Operations,"Artificial Intelligence, SaaS, B2B, AI Assistant",https://www.elyos.ai/,7,Active,Early,,,https://www.ycombinator.com/companies/elyos-ai
Diligent,Summer 2023,"Berlin, Berlin, Germany",AI agents for fintech risk and compliance operations,Fintech,"Artificial Intelligence, Fintech, Compliance, Fraud Prevention, Regtech",https://godiligent.ai,2,Active,Early,,,https://www.ycombinator.com/companies/diligent
Atla,Summer 2023,"London, England, United Kingdom",The improvement engine for AI agents,B2B,"AIOps, Artificial Intelligence, Developer Tools, Analytics, AI",https://www.atla-ai.com/,10,Active,Early,,,https://www.ycombinator.com/companies/atla
Subsets,Summer 2023,"Copenhagen, Denmark",AI-driven Retention Automation for subscription media businesses.,B2B,"Machine Learning, B2B, Enterprise Software, AI",https://www.subsets.com,7,Active,Early,,,https://www.ycombinator.com/companies/subsets
Capi Money,Summer 2023,"London, England, United Kingdom",Helping businesses in emerging markets make pay their international…,Fintech | Payments,"Fintech, Payments",https://www.capimoney.com,40,Active,Growth,,,https://www.ycombinator.com/companies/capi-money
Unhaze,Summer 2023,"Copenhagen, Denmark",The right leads at the right time for B2B sales,B2B | Sales,"SaaS, B2B, Sales, AI",https://unhaze.ai,6,Inactive,Early,,,https://www.ycombinator.com/companies/unhaze
MediSearch,Summer 2023,"London, England, United Kingdom",Search engine for trustworthy medical information.,Healthcare | Consumer Health and Wellness,"Artificial Intelligence, Generative AI, Consumer Health Services, Digital Health, Healthcare",https://medisearch.io,6,Active,Early,,,https://www.ycombinator.com/companies/medisearch
Revideo,Summer 2023,"Berlin, Berlin, Germany",Create Videos with Code,"B2B | Engineering, Product and Design","Developer Tools, Open Source, Video",https://re.video,2,Active,Early,,,https://www.ycombinator.com/companies/revideo
Sourcepulse,Summer 2023,"Paris, Île-de-France, France",Fix your biggest software delays with real developer feedback,B2B | Productivity,"Machine Learning, SaaS, B2B, Analytics, Enterprise",https://www.sourcepulse.io/,1,Active,Early,,,https://www.ycombinator.com/companies/sourcepulse
Slicker,Summer 2023,"London, England, United Kingdom",Recover payment failures and maximize subscription Revenue,Fintech | Payments,"Artificial Intelligence, FinOps, SaaS, Payments, Subscriptions",https://www.slickerhq.com,2,Active,Early,,,https://www.ycombinator.com/companies/slicker
Osium AI,Summer 2023,"Paris, Île-de-France, France",Speed up materials innovation with Artificial Intelligence,B2B,,https://osium.ai/,2,Active,Early,,,https://www.ycombinator.com/companies/osium-ai
Langdock,Summer 2023,"Berlin, Berlin, Germany",The all-in-one AI platform for companies.,B2B | Productivity,"Artificial Intelligence, AI",https://langdock.com,22,Active,Early,,,https://www.ycombinator.com/companies/langdock
Tiptap,Summer 2023,"Berlin, Berlin, Germany",Developer toolkit for building collaborative apps.,"B2B | Engineering, Product and Design","Developer Tools, Open Source, AI",https://tiptap.dev/,16,Active,Early,,,https://www.ycombinator.com/companies/tiptap
Inconvo,Summer 2023,"Limerick, County Limerick, Ireland",Build chat-with-data agents for customer-facing applications,"B2B | Engineering, Product and Design","Artificial Intelligence, Developer Tools, Analytics, API",https://inconvo.com,2,Active,Early,,,https://www.ycombinator.com/companies/inconvo
truemetrics,Summer 2023,"Berlin, Berlin, Germany",We show couriers where to park and enter a building.,B2B | Supply Chain and Logistics,"Artificial Intelligence, Delivery, Logistics, ML",https://www.truemetrics.io/,5,Active,Early,,,https://www.ycombinator.com/companies/truemetrics
Catamaran,Summer 2023,"London, England, United Kingdom",The AI-powered risk decision platform ,Fintech | Insurance,"Machine Learning, Finance, Analytics, Insurance, Investing",https://www.trycatamaran.com,5,Acquired,Early,,,https://www.ycombinator.com/companies/catamaran
CodeStory,Summer 2023,"London, England, United Kingdom","Aide is an AI-native , privacy-first IDE built on top of VSCode","B2B | Engineering, Product and Design","Developer Tools, AI",https://aide.dev,4,Inactive,Early,,,https://www.ycombinator.com/companies/codestory
Healthtech 1,Summer 2023,"London, England, United Kingdom",Automating repetitive processes in healthcare,Healthcare | Healthcare IT,"Health Tech, Workflow Automation, Digital Health, Healthcare, Healthcare IT",https://www.healthtech1.uk/,28,Active,Early,,,https://www.ycombinator.com/companies/healthtech-1
Unify,Winter 2023,"London, England, United Kingdom; Remote",Hire AI — Not APIs ✨,B2B | Infrastructure,"Artificial Intelligence, Generative AI, SaaS, API, AI",https://unify.ai,10,Active,Early,,,https://www.ycombinator.com/companies/unify
Trigger.dev,Winter 2023,"London, England, United Kingdom",Build and deploy fully‑managed AI agents and workflows,"B2B | Engineering, Product and Design","Developer Tools, SaaS, B2B, Open Source, AI",https://trigger.dev,9,Active,Growth,,,https://www.ycombinator.com/companies/trigger-dev
Versori,Winter 2023,"Manchester, England, United Kingdom",Agentic integrations & automations for enterprise,B2B | Infrastructure,"SaaS, B2B, API, No-code, Data Engineering",https://www.versori.com/,16,Active,Early,,,https://www.ycombinator.com/companies/versori
Gluetrail,Winter 2023,"Paris, Île-de-France, France; Remote",Create step by step articles with screenshots and videos 10x faster,B2B | Marketing,"Artificial Intelligence, Productivity, Sales Enablement, Marketing, Customer Support",https://www.gluetrail.com,2,Active,Early,,,https://www.ycombinator.com/companies/gluetrail
Cosine,Winter 2023,"London, England, United Kingdom",Fully Agentic SWE,B2B,"Artificial Intelligence, Developer Tools, Generative AI, Machine Learning, NLP",http://www.cosine.sh,12,Active,Early,,,https://www.ycombinator.com/companies/cosine
Bujeti,Winter 2023,"Lagos, LA, Nigeria; Paris, Île-de-France, France; Remote",Corporate cards and expenses management platform for African…,B2B | Finance and Accounting,"Fintech, SaaS, Payments, B2B",https://www.bujeti.com,10,Active,Early,,,https://www.ycombinator.com/companies/bujeti
Cloudchipr,Winter 2023,"Berlin, Berlin, Germany; Hamburg, HH, Germany; Yerevan, Yerevan, Armenia; Remote",Workflow Automation for Cloud Operations,B2B,"Developer Tools, FinOps, SaaS, B2B",https://cloudchipr.com/,8,Active,Early,,,https://www.ycombinator.com/companies/cloudchipr
Langfuse,Winter 2023,"Berlin, Berlin, Germany",Open source LLM engineering platform,"B2B | Engineering, Product and Design","Artificial Intelligence, Developer Tools, Generative AI, Analytics, Open Source",https://langfuse.com,13,Active,Early,,,https://www.ycombinator.com/companies/langfuse
BuildJet,Winter 2023,"Berlin, Berlin, Germany; Remote",High-performance computing cloud,"B2B | Engineering, Product and Design","Developer Tools, SaaS, B2B, Infrastructure",https://buildjet.com,2,Active,Early,,,https://www.ycombinator.com/companies/buildjet
GoodCourse,Winter 2023,"London, England, United Kingdom",The TikTok style corporate training platform,B2B,eLearning,https://www.goodcourse.co,8,Inactive,Early,,,https://www.ycombinator.com/companies/goodcourse
Defer,Winter 2023,"Paris, Île-de-France, France",Zero infrastructure background processing platform.,"B2B | Engineering, Product and Design","Developer Tools, SaaS",https://www.defer.run,2,Inactive,Early,,,https://www.ycombinator.com/companies/defer
Fastgen,Winter 2023,"New York, NY, USA; Berlin, Berlin, Germany",Webflow for the Backend,"B2B | Engineering, Product and Design","Developer Tools, B2B, API, No-code",https://fastgen.com,7,Active,Early,,,https://www.ycombinator.com/companies/fastgen
Univerbal,Winter 2023,"Zürich, ZH, Switzerland",Language learning with a conversational AI Tutor,Education,,https://univerbal.app,3,Active,Early,,,https://www.ycombinator.com/companies/univerbal
Sanvivo,Winter 2023,"Munich, BY, Germany",Shopify for pharmacies in Europe,Healthcare | Healthcare IT,"Marketplace, SaaS, Consumer Health Services, Delivery",http://www.sanvivo.eu,4,Active,Early,,,https://www.ycombinator.com/companies/sanvivo
Invopop,Winter 2023,"Madrid, Community of Madrid, Spain",We help global software companies comply with local tax reporting ,B2B | Finance and Accounting,"FinOps, Fintech, Compliance",https://www.invopop.com/,7,Active,Early,,,https://www.ycombinator.com/companies/invopop
Sorted,Winter 2023,"Copenhagen, Denmark; Remote",Instant SaaS management,B2B | Operations,"SaaS, B2B, Productivity, Collaboration, Subscriptions",https://sorted-lp.webflow.io/,2,Inactive,Early,,,https://www.ycombinator.com/companies/sorted
rex.fit,Winter 2023,"Zürich, ZH, Switzerland",Automating nutrition tracking.,Consumer,"Artificial Intelligence, Hard Tech, Computer Vision, Consumer Health Services, Fitness",https://www.rex.fit,2,Active,Early,,,https://www.ycombinator.com/companies/rex-fit
Invitris,Winter 2023,"Munich, BY, Germany",Creating new protein-based drugs at scale,Healthcare | Drug Discovery and Delivery,"Biotech, Nanotechnology, Drug discovery",https://invitris.com/,6,Active,Early,,,https://www.ycombinator.com/companies/invitris
Devyce,Summer 2022,"London, England, United Kingdom",The global mobile network for business. ,B2B | Operations,Telecommunications,https://devyce.com,20,Active,Early,,,https://www.ycombinator.com/companies/devyce
Cerrion,Summer 2022,"Zürich, ZH, Switzerland",Video AI to automatically detect and respond to production line…,Industrials,"Artificial Intelligence, Deep Learning, Computer Vision, Video, Manufacturing",https://www.cerrion.com/,16,Active,Early,,,https://www.ycombinator.com/companies/cerrion
CustomerOS,Summer 2022,"London, England, United Kingdom; Remote",Uncover high-fit leads already silently engaging with your brand,B2B | Sales,"B2B, Sales, Marketing, Advertising, AI",https://customeros.ai,10,Inactive,Early,,,https://www.ycombinator.com/companies/customeros
ilumadata,Summer 2022,"London, England, United Kingdom; Sydney, NSW, Australia; Remote",Confidently ship analytics code faster with fewer errors,B2B | Analytics,"Developer Tools, B2B, Analytics, Enterprise, Data Engineering",https://www.ilumadata.io/,2,Inactive,Early,,,https://www.ycombinator.com/companies/ilumadata
Moneco,Summer 2022,"Paris, Île-de-France, France; Remote",Neobank for African migrants in Europe,Fintech | Banking and Exchange,"Fintech, Neobank",https://moneco.app/,15,Active,Early,,,https://www.ycombinator.com/companies/moneco
Signatur Biosciences,Summer 2022,"London, England, United Kingdom",Simple tests for complex diseases.,Healthcare | Diagnostics,"Biotech, Healthcare, Diagnostics",https://www.signatur.bio/,5,Active,Early,,,https://www.ycombinator.com/companies/signatur-biosciences
IvyCheck,Summer 2022,"Berlin, Berlin, Germany; Remote",Clean and enrich your data 10x faster,"B2B | Engineering, Product and Design","Generative AI, B2B, Data Engineering, AI, Databases",https://www.ivycheck.com,2,Active,Early,,,https://www.ycombinator.com/companies/ivycheck
Tranch,Summer 2022,"London, England, United Kingdom",Tranch is the invoice to payments platform for enterprises.,Fintech | Payments,"Fintech, SaaS",https://tranch.com,11,Acquired,Early,,,https://www.ycombinator.com/companies/tranch
Windmill,Summer 2022,"Paris, Île-de-France, France",Open-source platform to turn scripts into internal apps & workflows,B2B | Infrastructure,"Developer Tools, SaaS, B2B, Workflow Automation, Open Source",https://windmill.dev,10,Active,Early,,,https://www.ycombinator.com/companies/windmill
Popsy,Summer 2022,"Ljubljana, Ljubljana, Slovenia; Remote",AI tool that finds you leads on Reddit and sends them hyper…,B2B | Marketing,"SaaS, B2B, Marketing, Automation, AI",https://popsy.ai,2,Active,Early,,,https://www.ycombinator.com/companies/popsy
Evoly,Summer 2022,"Remote, OR, USA; San Francisco, CA, USA; Lausanne, VD, Switzerland; Remote",Smart electric & water meters as a service,Industrials | Energy,"Climate, Energy",https://www.evolyenergy.com,4,Active,Early,,,https://www.ycombinator.com/companies/evoly
Ordinary Seafood,Summer 2022,"Potsdam, BB, Germany",We are doing for seafood what Impossible did for meat,Consumer | Food and Beverage,,https://www.ordinaryseafood.com/,5,Inactive,Early,,,https://www.ycombinator.com/companies/ordinary-seafood
Typewise,Summer 2022,"Zürich, ZH, Switzerland",Boosting customer service and sales productivity by 2-3x.,B2B | Productivity,"Machine Learning, B2B, Productivity, API, AI",https://typewise.app,12,Active,Early,,,https://www.ycombinator.com/companies/typewise
NewsCatcher,Summer 2022,"Kyiv, Ukraine; Remote","We transform public web data into live signals that power search,…",B2B | Analytics,"Artificial Intelligence, SaaS, Enterprise, Big Data, Enterprise Software",https://newscatcherapi.com/,25,Active,Early,,,https://www.ycombinator.com/companies/newscatcher
Bitstack,Summer 2022,"Paris, Île-de-France, France","All things money, with better money",Fintech,"Crypto / Web3, Neobank",https://www.bitstack-app.com,16,Active,Growth,,,https://www.ycombinator.com/companies/bitstack
Pluralith,Summer 2022,"Vienna, Vienna, Austria; New York, NY, USA",Automated infrastructure compliance and documentation,B2B | Infrastructure,"Developer Tools, DevSecOps, SaaS",https://www.pluralith.com,2,Active,Early,,,https://www.ycombinator.com/companies/pluralith
Fini,Summer 2022,"Amsterdam, NH, Netherlands",Fini | Automate 80% of enterprise support with AI agents,B2B | Operations,"Generative AI, Machine Learning, SaaS, B2B, AI",https://www.usefini.com,14,Active,Early,,,https://www.ycombinator.com/companies/fini
Grai,Summer 2022,"San Francisco, CA, USA; London, England, United Kingdom; St. Louis, MO, USA",Open source version control for metadata,B2B | Infrastructure,"Developer Tools, SaaS, Analytics, Open Source, Data Engineering",https://www.grai.io,3,Inactive,Early,,,https://www.ycombinator.com/companies/grai
Kombo,Summer 2022,"Berlin, Berlin, Germany","Unified API for HR, payroll and recruiting software",B2B,,https://kombo.dev,20,Active,Early,,,https://www.ycombinator.com/companies/kombo
nsave,Summer 2022,"London, England, United Kingdom",Trusted $€£ accounts abroad for people from unstable economies.,Fintech,"Fintech, Neobank",https://www.nsave.com,20,Active,Growth,,,https://www.ycombinator.com/companies/nsave
Findly,Summer 2022,"London, England, United Kingdom",Co-pilot for Business Intelligence,B2B | Analytics,"Artificial Intelligence, Generative AI, B2B, Chatbot, Data Engineering",https://www.findly.ai/join,11,Active,Early,,,https://www.ycombinator.com/companies/findly
Invofox,Summer 2022,"Madrid, Community of Madrid, Spain; Remote",INVOFOX is the document processing AI for software companies,B2B | Finance and Accounting,"Fintech, AI",https://invofox.com,12,Active,Early,,,https://www.ycombinator.com/companies/invofox
autone,Summer 2022,"London, England, United Kingdom",Inventory management SaaS for Retail & Consumer brands,B2B | Retail,"Sustainable Fashion, Consumer, Supply Chain, Retail",https://autone.io,70,Active,Growth,,,https://www.ycombinator.com/companies/autone
Wondercraft,Summer 2022,"London, England, United Kingdom",Create video by chatting to AI,B2B | Marketing,"Artificial Intelligence, SaaS, B2B, Podcasts, AI",https://wondercraft.ai/,15,Active,Early,,,https://www.ycombinator.com/companies/wondercraft
Relevium Medical,Summer 2022,"Galway, County Galway, Ireland",Platform injectable gel based therapeutic for osteoarthritis,Healthcare | Therapeutics,"Medical Devices, Healthcare, Therapeutics, Drug discovery",https://relevium-medical.com/,5,Active,Early,,,https://www.ycombinator.com/companies/relevium-medical
Jamble,Summer 2022,"San Francisco, CA, USA; Paris, Île-de-France, France",Fashion resale marketplace powered by live streaming and video,Consumer | Apparel and Cosmetics,"Marketplace, Sustainable Fashion, Consumer, Social, Creator Economy",https://www.jambleapp.com/,3,Active,Early,,,https://www.ycombinator.com/companies/jamble
REVER,Summer 2022,"Barcelona, CT, Spain; CT, Spain",Changing the way people buy by giving superpowers to shoppers,Fintech,"Fintech, SaaS, B2B, Logistics, E-commerce",https://itsrever.com/,35,Active,Early,,,https://www.ycombinator.com/companies/rever
Vizzly,Summer 2022,"London, England, United Kingdom; Remote",Customer-Facing Analytics for Modern SaaS.,B2B | Analytics,"Developer Tools, SaaS, B2B, Analytics, API",https://vizzly.co/,4,Acquired,Early,,,https://www.ycombinator.com/companies/vizzly
Aldara,Summer 2022,"Barcelona, CT, Spain",HOA manager with automated operations,Real Estate and Construction,"Fintech, Real Estate, Proptech",https://aldara.com,10,Active,Early,,,https://www.ycombinator.com/companies/aldara
AccessOwl,Summer 2022,"Berlin, Berlin, Germany; Remote",Managing your Employees' Access to SaaS,B2B | Infrastructure,"SaaS, B2B, Compliance, Security",https://www.accessowl.io/,10,Active,Early,,,https://www.ycombinator.com/companies/accessowl
Northwind,Winter 2022,"Los Angeles, CA, USA; Stockholm, Stockholm County, Sweden",Tele-dermatology for chronic skin conditions ,Healthcare | Healthcare Services,"Consumer Health Services, Health Tech, Digital Health, Healthcare, Telemedicine",https://northwindskin.com,6,Inactive,Early,,,https://www.ycombinator.com/companies/northwind
Syrona Health,Winter 2022,"London, England, United Kingdom",Employee benefit for reproductive and hormone health,Healthcare | Healthcare Services,"Healthcare, Women's Health",https://syronahealth.com/,6,Active,Early,,,https://www.ycombinator.com/companies/syrona-health
Sarus,Winter 2022,"Paris, Île-de-France, France","Use personal data for analytics and ML, safely and seamlessly",B2B | Analytics,"Analytics, Compliance, Data Engineering",https://www.sarus.tech,16,Acquired,Early,,,https://www.ycombinator.com/companies/sarus
PeakPath,Winter 2022,"Stockholm, Stockholm County, Sweden",Smartwatch powered coaching to improve teams sustainable performance,B2B | Human Resources,"Mental Health Tech, Biometrics",https://www.peakpath.com,9,Active,Early,,,https://www.ycombinator.com/companies/peakpath
Seabound,Winter 2022,"London, England, United Kingdom",Carbon capture equipment for ships,Industrials | Climate,"Hard Tech, Climate, Transportation",http://seabound.co,9,Active,Early,,,https://www.ycombinator.com/companies/seabound
Aspora,Winter 2022,"London, England, United Kingdom",Single account to manage money across the world,Fintech | Consumer Finance,Fintech,https://aspora.com,85,Active,Growth,,,https://www.ycombinator.com/companies/aspora
CUTR,Winter 2022,"Amsterdam, NH, Netherlands",The marketplace for wood manufacturing,"B2B | Engineering, Product and Design","Marketplace, Manufacturing",https://www.cutr.ai/,22,Active,Early,,,https://www.ycombinator.com/companies/cutr
Happl,Winter 2022,"London, England, United Kingdom",Your personalised benefits and engagement platform for global teams,B2B | Human Resources,"SaaS, HR Tech, Insurance",https://happl.com/,11,Active,Early,,,https://www.ycombinator.com/companies/happl
haddock,Winter 2022,"Barcelona, CT, Spain",AI agents to run restaurant operations,B2B | Finance and Accounting,"Fintech, SaaS, B2B, AI, AI Assistant",https://haddock.app,40,Active,Early,,,https://www.ycombinator.com/companies/haddock
Oto,Winter 2022,"London, England, United Kingdom; Remote",Digital program for tinnitus,Healthcare | Consumer Health and Wellness,"Consumer Health Services, Health Tech, Digital Health",https://www.joinoto.com,2,Active,Early,,,https://www.ycombinator.com/companies/oto
Phase Biolabs,Winter 2022,"Nottingham, England, United Kingdom",We make carbon negative chemicals from CO2 using fermentation,Industrials | Climate,Climate,https://www.phasebiolabs.com/,10,Active,Early,,,https://www.ycombinator.com/companies/phase-biolabs
Lightmeter,Winter 2022,"London, England, United Kingdom",Managed Sales Email Delivery For Cold Outreach,B2B | Sales,"Delivery, Sales, Email",https://lightmeter.io,5,Active,Early,,,https://www.ycombinator.com/companies/lightmeter
Speechly,Winter 2022,"Helsinki, Finland",Natural Language Understanding API for Speech that runs on device,B2B,"Artificial Intelligence, Developer Tools, Speech Recognition",https://www.speechly.com/,10,Acquired,Early,,,https://www.ycombinator.com/companies/speechly
Enlightra,Winter 2022,"Ecublens, VD, Switzerland",Multicolor lasers for ultrafast data transmission,Industrials,"Hard Tech, Hardware",https://www.enlightra.com/,22,Active,Early,,,https://www.ycombinator.com/companies/enlightra
voize,Winter 2022,"Berlin, Berlin, Germany","We build the AI companion for nurses, to create time for care.",B2B | Productivity,"Machine Learning, Speech Recognition, Healthcare, NLP",https://voize.de/,85,Active,Growth,,,https://www.ycombinator.com/companies/voize
Pluto.markets,Winter 2022,"Copenhagen, Denmark",Modern Investment Product for 100m underserved Europeans,Fintech | Asset Management,"Fintech, Crypto / Web3",http://pluto.markets/,4,Active,Early,,,https://www.ycombinator.com/companies/pluto-markets
Fuell,Winter 2022,"Madrid, Community of Madrid, Spain",Fuell is a leading Expense Management solution that modernizes…,B2B | Finance and Accounting,Fintech,https://getfuell.com/,23,Acquired,Early,,,https://www.ycombinator.com/companies/fuell
Aklimate,Winter 2022,"London, England, United Kingdom",Software for enterprises to track and reduce supply chain emissions,B2B | Supply Chain and Logistics,"SaaS, B2B, Climate",https://www.getaklimate.com/,3,Inactive,Early,,,https://www.ycombinator.com/companies/aklimate
SmartHelio,Winter 2022,"Lausanne, VD, Switzerland",Software to prevent downtime in a solar plant,B2B | Analytics,"Solar Power, Climate, Enterprise Software, AI",https://www.smarthelio.com/,25,Active,Early,,,https://www.ycombinator.com/companies/smarthelio
Trackingplan,Winter 2022,"Barcelona, CT, Spain; CT, Spain; Remote",Automated QA for your Digital Analytics,B2B | Analytics,"SaaS, Analytics, Data Engineering",https://trackingplan.com,17,Active,Early,,,https://www.ycombinator.com/companies/trackingplan
Carbon Crusher,Winter 2022,"Oslo, Oslo, Norway",We make carbon negative roads ,Industrials | Climate,"Carbon Capture and Removal, Construction, Climate",https://www.carboncrusher.io/,21,Active,Early,,,https://www.ycombinator.com/companies/carbon-crusher
Joe,Winter 2022,"Paris, Île-de-France, France","We let customers ""Buy Now Pay Later"" on any store in Europe. ",Fintech | Consumer Finance,"Fintech, Consumer",http://www.joe-app.com/en,12,Acquired,Early,,,https://www.ycombinator.com/companies/joe
Bemlo,Winter 2022,"Stockholm, Stockholm County, Sweden",AI-native scheduling and workforce management platform for healthcare,Healthcare | Healthcare IT,"Artificial Intelligence, SaaS, B2B, Healthcare, Enterprise Software",https://www.bemlo.com/en,8,Active,Early,,,https://www.ycombinator.com/companies/bemlo
Kular,Winter 2022,"London, England, United Kingdom",AI Lead Generator,B2B | Sales,"SaaS, B2B, Marketing, Advertising",https://www.kular.ai,12,Active,Early,,,https://www.ycombinator.com/companies/kular
Brainboard,Winter 2022,"New York, NY, USA; Paris, Île-de-France, France; Remote",Visually design and manage cloud infrastructures.,"B2B | Engineering, Product and Design","Developer Tools, DevOps, Cloud Computing, Infrastructure",https://www.brainboard.co,9,Active,Early,,,https://www.ycombinator.com/companies/brainboard
Quan,Winter 2022,"The Hague, ZH, Netherlands; Remote",End-to-end platform to improve wellbeing and team performance. ,B2B | Human Resources,"Mental Health Tech, SaaS, B2B, HR Tech, Subscriptions",https://www.quanwellbeing.com/,17,Acquired,Early,,,https://www.ycombinator.com/companies/quan
SNAB,Winter 2022,"Madrid, Community of Madrid, Spain; Remote",A global finance automation platform for complex multi-entity…,Fintech,"Fintech, SaaS, B2B",https://www.snabfinance.com/,6,Active,Early,,,https://www.ycombinator.com/companies/snab
yhangry,Winter 2022,"London, England, United Kingdom",Marketplace for private chefs,Consumer | Food and Beverage,Marketplace,http://www.yhangry.com,12,Active,Early,,,https://www.ycombinator.com/companies/yhangry
Fleek,Winter 2022,"London, England, United Kingdom",A B2B marketplace for wholesale second hand fashion,B2B | Retail,"Marketplace, B2B, E-commerce",https://www.joinfleek.com/,100,Active,Growth,,,https://www.ycombinator.com/companies/fleek
Heptabase,Winter 2022,"London, England, United Kingdom; Remote","An intelligent, visual knowledge base for learning complex topics.",Consumer,"Artificial Intelligence, SaaS, Consumer, Productivity, Note-taking",https://heptabase.com/,10,Active,Early,,,https://www.ycombinator.com/companies/heptabase
Kenobi,Winter 2022,"London, England, United Kingdom","Personalize your landing site for each vistor, in one line of code.",B2B | Sales,"SaaS, B2B, Sales, Sales Enablement, AI",https://kenobi.ai,3,Active,Early,,,https://www.ycombinator.com/companies/kenobi
Cellbyte,Winter 2022,"Munich, BY, Germany",AI Agents for Pharma Drug Launches,Healthcare | Healthcare IT,"Data Science, Healthcare IT, AI",https://www.cellbyte.com/,3,Active,Early,,,https://www.ycombinator.com/companies/cellbyte
Pina Earth,Winter 2022,"Munich, BY, Germany",Unlocking carbon markets for European forest owners,Industrials | Climate,"Climate, ClimateTech",https://pina.earth/en,30,Acquired,Early,,,https://www.ycombinator.com/companies/pina-earth
Powerdocs,Winter 2022,"Berlin, Berlin, Germany","Create professional proposals, quotes, and documents in seconds.",B2B,"Documents, SaaS, AI Assistant",https://powerdocs.so,4,Active,Early,,,https://www.ycombinator.com/companies/powerdocs
AiSupervision,Winter 2022,"Mannheim, BW, Germany",The operating system for factory production lines,Industrials | Manufacturing and Robotics,"Manufacturing, Industrial",https://www.aisupervision.com,13,Inactive,Early,,,https://www.ycombinator.com/companies/aisupervision
WhiteLab Genomics,Winter 2022,"Paris, Île-de-France, France; Boston, MA, USA",Unleashing the potential of DNA and RNA based therapies using AI,Healthcare | Drug Discovery and Delivery,"Artificial Intelligence, Gene Therapy, Cell Therapy, Genomics",https://whitelabgx.com,40,Active,Growth,,,https://www.ycombinator.com/companies/whitelab-genomics
PaletteHQ,Summer 2021,"Paris, Île-de-France, France; Remote",Manage sales commissions and sales performance,B2B | Sales,"SaaS, B2B, Sales",https://palettehq.com/en,14,Active,Early,,,https://www.ycombinator.com/companies/palettehq
Lobby,Summer 2021,"London, England, United Kingdom",Local onboarding for the $200B health tourism industry,Healthcare,"Marketplace, Telehealth, Healthcare",https://www.uselobby.com/,1,Inactive,Early,,,https://www.ycombinator.com/companies/lobby
Artillery,Summer 2021,"Limerick, County Limerick, Ireland; Remote","The complete production quality platform. AI-powered E2E testing,…",B2B | Infrastructure,"Developer Tools, SaaS, Open Source, DevOps",https://www.artillery.io,5,Active,Early,,,https://www.ycombinator.com/companies/artillery
Carbonfact,Summer 2021,"Paris, Île-de-France, France",Decarbonizing the fashion industry,Industrials | Climate,"SaaS, Sustainable Fashion, Climate",http://www.carbonfact.com,22,Active,Early,,,https://www.ycombinator.com/companies/carbonfact
Archbee,Summer 2021,"Bucharest, Bucharest, Romania; Remote",TURN STATIC DOCS INTO INSTANT ANSWERS,"B2B | Engineering, Product and Design","Developer Tools, B2B",https://www.archbee.com,12,Active,Early,,,https://www.ycombinator.com/companies/archbee
SolarMente,Summer 2021,"Barcelona, CT, Spain",Home electrification at $0 upfront cost,Consumer,"Solar Power, Climate, Consumer Finance, ClimateTech",https://solarmente.es,65,Inactive,Early,,,https://www.ycombinator.com/companies/solarmente
Echoes HQ,Summer 2021,"Amsterdam, NH, Netherlands; Remote",Measure and communicate engineering activity,"B2B | Engineering, Product and Design","Developer Tools, SaaS, B2B",https://echoeshq.com,3,Active,Early,,,https://www.ycombinator.com/companies/echoes-hq
StudyStream,Summer 2021,"London, England, United Kingdom; Remote",24/7 video platform & online community for students to study together,Education,Education,https://studystream.live,8,Active,Early,,,https://www.ycombinator.com/companies/studystream
Lago,Summer 2021,"Paris, Île-de-France, France",Open Source Metering and Usage Based Billing,B2B | Finance and Accounting,"FinOps, Fintech, SaaS, Open Source, Billing",https://www.getlago.com/,32,Active,Growth,,,https://www.ycombinator.com/companies/lago
Kaya,Summer 2021,"London, England, United Kingdom; Remote","Marketing agency for startups: 10x cheaper, better and faster",B2B | Marketing,"SaaS, B2B, Analytics, Marketing, AI",https://www.usekaya.com/,12,Active,Early,,,https://www.ycombinator.com/companies/kaya
Planet A Foods,Summer 2021,"Munich, BY, Germany",Building the next generation food ingredient champion.,Consumer | Food and Beverage,"Climate, ClimateTech",https://planet-a-foods.com/,6,Active,Early,,,https://www.ycombinator.com/companies/planet-a-foods
Enso,Summer 2021,"Kraków, Lesser Poland Voivodeship, Poland; Remote",Self-Service Data Prep and Blend Built for Data Teams.,B2B | Analytics,"SaaS, Open Source",https://ensoanalytics.com,20,Active,Early,,,https://www.ycombinator.com/companies/enso
SigmaOS,Summer 2021,"London, England, United Kingdom",The new home for your internet 🏡,Consumer,"SaaS, Productivity, Collaboration",https://www.sigmaos.com,5,Active,Early,,,https://www.ycombinator.com/companies/sigmaos
LemFi,Summer 2021,"London, England, United Kingdom","Fair, simple and accessible financial services",Fintech | Banking and Exchange,Fintech,https://lemfi.com,500,Active,Growth,,,https://www.ycombinator.com/companies/lemfi
Coinrule,Summer 2021,"London, England, United Kingdom; Remote",Coinrule Automates Your Crypto and Stock Investments,Fintech,"Fintech, Crypto / Web3",https://coinrule.com/,7,Active,Early,,,https://www.ycombinator.com/companies/coinrule
Formance,Summer 2021,"Paris, Île-de-France, France",Open Source Infrastructure for the Financial Internet,B2B,"Developer Tools, Fintech, Payments, B2B, Open Source",https://formance.com,30,Active,Growth,,,https://www.ycombinator.com/companies/formance
Malloc Inc,Summer 2021,"Nicosia, Nicosia, Cyprus",We protect your phone from spyware and hacking attempts. ,Industrials | Defense,"Artificial Intelligence, Consumer, Security, Privacy",https://mallocprivacy.com/,3,Active,Early,,,https://www.ycombinator.com/companies/malloc-inc
Dot,Summer 2021,"Berlin, Berlin, Germany; Heidelberg, BW, Germany; Remote",Chat with your Data Warehouse,B2B | Analytics,"Artificial Intelligence, SaaS, B2B, Analytics, Enterprise",https://getdot.ai,6,Active,Early,,,https://www.ycombinator.com/companies/dot
CoLoop,Summer 2021,"London, England, United Kingdom",AI Copilot for insights & strategy,B2B,"Generative AI, NLP, AI",https://coloop.ai/,20,Active,Early,,,https://www.ycombinator.com/companies/coloop
Arengu,Summer 2021,"A Coruña, GA, Spain; Remote",Build frictionless signup flows in minutes,B2B,"Developer Tools, SaaS, B2B",https://www.arengu.com,10,Acquired,Early,,,https://www.ycombinator.com/companies/arengu
Zoios.,Summer 2021,"Copenhagen, Denmark","Help start- and scale-ups excel at People, Culture and Performance.",B2B | Human Resources,"Mental Health Tech, SaaS, B2B",https://zoios.io,8,Active,Early,,,https://www.ycombinator.com/companies/zoios
Inflow,Summer 2021,"London, England, United Kingdom; New York, NY, USA",A self-help app for people to manage their ADHD.,Healthcare | Therapeutics,"Mental Health Tech, Consumer Health Services",https://getinflow.io/,20,Active,Early,,,https://www.ycombinator.com/companies/inflow
Protex AI,Summer 2021,"Limerick, County Limerick, Ireland","Computer vision that makes the industrial workplace, safer",B2B | Supply Chain and Logistics,"Industrial Workplace Safety, Machine Learning, B2B",https://www.protex.ai,5,Active,Early,,,https://www.ycombinator.com/companies/protex-ai
Digistain,Summer 2021,"London, England, United Kingdom",Pioneering Breast Cancer Diagnostics for a Healthier Tomorrow,Healthcare | Diagnostics,Medical Devices,https://digistain.co.uk/,40,Active,Early,,,https://www.ycombinator.com/companies/digistain
Hera,Summer 2021,"Paris, Île-de-France, France","Calendar app to prepare, join and follow-up on virtual meetings",B2B | Productivity,"Productivity, Calendar",https://hera.so,3,Inactive,Early,,,https://www.ycombinator.com/companies/hera
Whaly,Summer 2021,"Paris, Île-de-France, France",Whaly is building a self-service analytics platform,B2B | Analytics,Data Engineering,https://whaly.io,3,Active,Early,,,https://www.ycombinator.com/companies/whaly
HeyCharge,Summer 2021,"Munich, BY, Germany","Low-cost, high-scale EV charging platform for apartments (and more).",Industrials | Energy,Climate,https://heycharge.com/,17,Active,Early,,,https://www.ycombinator.com/companies/heycharge
Adaptyv,Summer 2021,"Lausanne, VD, Switzerland",We're building fully automated labs for protein engineering,Healthcare | Drug Discovery and Delivery,"AI-powered Drug Discovery, Synthetic Biology",https://www.adaptyvbio.com/,12,Active,Early,,,https://www.ycombinator.com/companies/adaptyv
Meticulous,Summer 2021,"London, England, United Kingdom",Automated e2e screenshot testing without writing or maintaining tests,"B2B | Engineering, Product and Design","Developer Tools, Hard Tech, SaaS",https://www.meticulous.ai,15,Active,Growth,,,https://www.ycombinator.com/companies/meticulous
Onfolk,Summer 2021,"London, England, United Kingdom; Remote",Gusto for the UK,B2B | Human Resources,"SaaS, B2B, Payroll",http://onfolk.com,4,Acquired,Early,,,https://www.ycombinator.com/companies/onfolk
Noloco,Summer 2021,"Dublin, County Dublin, Ireland",Flexible Business Apps for Modern Teams,"B2B | Engineering, Product and Design","Developer Tools, SaaS, No-code",https://noloco.io,15,Active,Early,,,https://www.ycombinator.com/companies/noloco
Tenyks,Summer 2021,"Cambridge, England, United Kingdom; Remote",The World's Most Versatile Video Answering Engine ,B2B,"Artificial Intelligence, Computer Vision, Video, AI, AI Assistant",http://tenyks.ai/,11,Active,Early,,,https://www.ycombinator.com/companies/tenyks
Female Invest,Summer 2021,"Copenhagen, Denmark; London, England, United Kingdom",Female Invest is a social e-learning app for finance and investing ,Fintech,"Fintech, eLearning, Investing",https://www.femaleinvest.com/,35,Active,Early,,,https://www.ycombinator.com/companies/female-invest
Vibe Kanban,Summer 2021,"London, England, United Kingdom",Plan and review AI generated code,"B2B | Engineering, Product and Design","Artificial Intelligence, Machine Learning, Open Source",https://vibekanban.com,10,Active,Early,,,https://www.ycombinator.com/companies/vibe-kanban
Tuli Health,Summer 2021,"London, England, United Kingdom",Transforming pharmacies in the UK into diagnostic centers,Healthcare,"SaaS, Telemedicine, Primary Care",https://tuli.health,4,Active,Early,,,https://www.ycombinator.com/companies/tuli-health
Kapacity.io,Summer 2021,"Helsinki, Finland",Reducing energy costs & emissions in buildings.,Industrials | Energy,"Real Estate, Climate, Renewable Energy",https://kapacity.io,7,Acquired,Early,,,https://www.ycombinator.com/companies/kapacity-io
Shape,Summer 2021,"London, England, United Kingdom; Remote",Get data insights without writing SQL,B2B | Analytics,"Analytics, Enterprise, AI",https://shape.xyz,4,Active,Early,,,https://www.ycombinator.com/companies/shape
Orderli,Summer 2021,"Utrecht, UT, Netherlands; Amsterdam, NH, Netherlands",Square for Europe,B2B,"SaaS, B2B, E-commerce",https://orderli.com/en,6,Active,Early,,,https://www.ycombinator.com/companies/orderli
Membo,Summer 2021,"Tallinn, Harju County, Estonia","Groceries fresher than a farmer’s market, delivered to you (EU)",Consumer | Food and Beverage,"Grocery, Marketplace, Delivery",https://membo.ee?lang=en,3,Inactive,Early,,,https://www.ycombinator.com/companies/membo
Moving Parts,Summer 2021,"Berlin, Berlin, Germany; Remote",Delightful components for iOS.,"B2B | Engineering, Product and Design",Developer Tools,https://movingparts.io,2,Inactive,Early,,,https://www.ycombinator.com/companies/moving-parts
Sensible Biotechnologies,Summer 2021,"Oxford, England, United Kingdom",Unlocking the next generation of mRNA medicines,Healthcare | Therapeutics,"Synthetic Biology, Biotech, Manufacturing, Therapeutics, Biotechnology",https://sensible.bio,24,Active,Early,,,https://www.ycombinator.com/companies/sensible-biotechnologies
Abatable,Summer 2021,"London, England, United Kingdom",Carbon markets platform and solutions,Industrials | Climate,"Carbon Capture and Removal, B2B, Climate",https://www.abatable.com,35,Active,Early,,,https://www.ycombinator.com/companies/abatable
Hirebolt,Summer 2021,"London, England, United Kingdom",Hire staff fast without wasting hours on admin work ⚡️,B2B | Human Resources,"Recruiting, HR Tech",https://hirebolt.com/,3,Active,Early,,,https://www.ycombinator.com/companies/hirebolt
Crew,Summer 2021,"Paris, Île-de-France, France; Remote",Next Gen ATS/CRM for Modern Recruitment Agencies,B2B | Recruiting and Talent,"Recruiting, Sales Enablement, Talent Acquisition, CRM",https://crew.work/,6,Active,Early,,,https://www.ycombinator.com/companies/crew
Luminate,Summer 2021,"Galway, County Galway, Ireland",We make cancer care at home possible.,Healthcare | Medical Devices,"Hard Tech, Consumer Health Services, Medical Devices",http://www.luminatemed.com,55,Active,Early,,,https://www.ycombinator.com/companies/luminate-medical
GamerPay,Summer 2021,"Copenhagen, Denmark",We are the marketplace for trading gaming skins & assets without scams,Consumer | Gaming,"Fintech, Marketplace, Gaming",https://gamerpay.gg,6,Acquired,Early,,,https://www.ycombinator.com/companies/gamerpay
Café,Summer 2021,"Paris, Île-de-France, France",Your Workplace Engagement Hub,B2B | Human Resources,"Community, HR Tech, Social Network",https://at.cafe,10,Active,Early,,,https://www.ycombinator.com/companies/cafe
Quest,Summer 2021,"Amsterdam, NH, Netherlands",Audio career advice,Consumer | Content,"Community, Podcasts",http://quest.app,5,Inactive,Early,,,https://www.ycombinator.com/companies/quest
Payflow,Summer 2021,"Madrid, Community of Madrid, Spain",A mobile app. It allows employees to get paid their salary on-demand.,B2B | Human Resources,"Fintech, SaaS, HR Tech, Lending",https://www.payflow.es/,50,Active,Growth,,,https://www.ycombinator.com/companies/payflow
Lightly,Summer 2021,"Zürich, ZH, Switzerland",Help ML teams label the right data,"B2B | Engineering, Product and Design","Machine Learning, Data Labeling",https://lightly.ai/,5,Active,Early,,,https://www.ycombinator.com/companies/lightly
Beau,Summer 2021,"Barcelona, CT, Spain; CT, Spain; Remote",Workflows for repetitive customer-facing tasks,B2B | Operations,"SaaS, B2B, Productivity, Customer Success, Collaboration",https://beau.to,5,Active,Early,,,https://www.ycombinator.com/companies/beau
Webiny,Winter 2021,"London, England, United Kingdom; Remote",Open-source framework for building serverless applications,"B2B | Engineering, Product and Design","Developer Tools, B2B, Open Source",https://www.webiny.com,6,Active,Early,,,https://www.ycombinator.com/companies/webiny
Alba Orbital,Winter 2021,"Glasgow, Scotland, United Kingdom","We make satellites to image everywhere on Earth, every 15 minutes",Industrials | Aviation and Space,"Hard Tech, Satellites",https://www.albaorbital.com,16,Active,Early,,,https://www.ycombinator.com/companies/alba-orbital
Humaans,Winter 2021,"London, England, United Kingdom",AI-Powered HRIS for high performing teams,B2B | Human Resources,"SaaS, Human Resources, B2B, Enterprise, AI",https://humaans.io,43,Active,Early,,,https://www.ycombinator.com/companies/humaans
Playmaker,Winter 2021,"Copenhagen, Denmark",Community for fantasy sports players,Consumer | Content,"Sports Tech, Community",http://getplaymaker.app,5,Inactive,Early,,,https://www.ycombinator.com/companies/playmaker
Axiom.ai,Winter 2021,"London, England, United Kingdom; Remote",No-code Browser RPA,B2B | Operations,"Robotic Process Automation, SaaS",https://axiom.ai,8,Active,Early,,,https://www.ycombinator.com/companies/axiom-ai
Segments.ai,Winter 2021,"Brussels, Brussels, Belgium; Remote",Build better computer vision models by building better datasets,"B2B | Engineering, Product and Design","Deep Learning, Developer Tools, Computer Vision",https://segments.ai,8,Acquired,Early,,,https://www.ycombinator.com/companies/segments-ai
Encord,Winter 2021,"London, England, United Kingdom",Building the data backbone for the (artificial) intelligence…,B2B | Infrastructure,"Artificial Intelligence, Developer Tools, Machine Learning, Computer Vision, AI",https://encord.com,100,Active,Growth,,,https://www.ycombinator.com/companies/encord
ClipDrop,Winter 2021,"Paris, Île-de-France, France; Remote",Turn regular mobile photos into professional product visuals,Consumer | Content,"SaaS, Computer Vision, Design Tools",https://clipdrop.co,5,Acquired,Early,,,https://www.ycombinator.com/companies/clipdrop
Nirva,Winter 2021,"London, England, United Kingdom; Chennai, TN, India",Evidence-based Traditional and Complementary Medicine brand,Healthcare | Healthcare Services,"Consumer Health Services, Health & Wellness",https://nirvahealth.com,10,Active,Early,,,https://www.ycombinator.com/companies/nirva
Mindee,Winter 2021,"Paris, Île-de-France, France; San Francisco, CA, USA; London, England, United Kingdom",AI Document Understanding API,"B2B | Engineering, Product and Design","Artificial Intelligence, Deep Learning, Developer Tools, Automation, APIs",https://mindee.com,60,Active,Growth,,,https://www.ycombinator.com/companies/mindee
weweb.io,Winter 2021,"Paris, Île-de-France, France",WeWeb is a no-code front-end builder that connects with any back-end.,B2B | Operations,"Developer Tools, Web Development",https://www.weweb.io/,12,Active,Early,,,https://www.ycombinator.com/companies/weweb-io
Anima,Winter 2021,"London, England, United Kingdom; Remote",The next generation care enablement platform,Healthcare,"Deep Learning, SaaS, Consumer Health Services",http://www.animahealth.com,20,Active,Growth,,,https://www.ycombinator.com/companies/anima
Finary.com,Winter 2021,"Paris, Île-de-France, France",The new wealth manager for Europe,Fintech | Asset Management,"Fintech, Investing, Neobank",https://finary.com/en,5,Active,Early,,,https://www.ycombinator.com/companies/finary-com
Enode,Winter 2021,"Oslo, Oslo, Norway; Remote",An API for electric vehicles and other energy hardware (DERs),Industrials | Energy,"Climate, API, Electric Vehicles",http://www.enode.com,40,Active,Growth,,,https://www.ycombinator.com/companies/enode
Juicy Marbles,Winter 2021,"Ljubljana, Ljubljana, Slovenia",Juicy marbles makes thick juicy and marbled plant based steaks.,Consumer | Food and Beverage,"Climate, ClimateTech",https://juicymarbles.com,45,Active,Early,,,https://www.ycombinator.com/companies/juicy-marbles
Striga,Winter 2021,"Tallinn, Harju County, Estonia",Compliant Crypto and Banking Infrastructure,Fintech | Payments,"Crypto / Web3, Compliance",https://striga.com/,14,Acquired,Early,,,https://www.ycombinator.com/companies/striga
Lunatic,Winter 2021,"Vienna, Vienna, Austria; Remote",Operating System for server-side apps,"B2B | Engineering, Product and Design","Developer Tools, SaaS, Open Source",https://lunatic.solutions/,2,Inactive,Early,,,https://www.ycombinator.com/companies/lunatic
Alokai,Winter 2021,"Warsaw, Masovian Voivodeship, Poland; Remote",Frontend Platform for eCommerce,"B2B | Engineering, Product and Design","Developer Tools, Open Source, E-commerce",https://www.alokai.com,100,Active,Growth,,,https://www.ycombinator.com/companies/alokai
Codeball,Winter 2021,"Stockholm, Stockholm County, Sweden",AI-Powered Code Review,"B2B | Engineering, Product and Design","Artificial Intelligence, Developer Tools, SaaS",https://codeball.ai,3,Inactive,Early,,,https://www.ycombinator.com/companies/codeball
Kitemaker,Winter 2021,"Oslo, Oslo, Norway; Remote",A faster and more collaborative alternative to Jira for remote teams,"B2B | Engineering, Product and Design","Developer Tools, Productivity, Team Collaboration, Remote Work",https://kitemaker.co,5,Acquired,Early,,,https://www.ycombinator.com/companies/kitemaker
Alpas,Winter 2021,"Berlin, Berlin, Germany",Software for procurement departments to find suppliers 10x faster,B2B,"Supply Chain, Procurement",https://alpas.ai/,5,Active,Early,,,https://www.ycombinator.com/companies/alpas
Machine26,Winter 2021,"Berlin, Berlin, Germany",Marketplace for construction machines,Real Estate and Construction | Construction,"Marketplace, Construction",https://www.machine26.com/,12,Active,Early,,,https://www.ycombinator.com/companies/machine26
Axolo,Winter 2021,"Paris, Île-de-France, France; Remote",Improving Developer Experience with Streamlined Code Reviews,"B2B | Engineering, Product and Design","Developer Tools, SaaS",https://axolo.co,2,Active,Early,,,https://www.ycombinator.com/companies/axolo
Mystic,Winter 2021,"London, England, United Kingdom",Low latency API to run and deploy ML models,B2B | Infrastructure,"AIOps, Artificial Intelligence, Developer Tools, Machine Learning",https://www.mystic.ai/,11,Active,Early,,,https://www.ycombinator.com/companies/mystic
Broad,Winter 2021,"London, England, United Kingdom; Remote",The multicurrency account and card for Brazilians,Fintech | Banking and Exchange,Fintech,http://www.broad.app,5,Active,Early,,,https://www.ycombinator.com/companies/broad
Blink,Winter 2021,"Milan, Lombardy, Italy",Same-day delivery for e-commerce companies in Europe.,Industrials | Automotive,"E-Commerce, Logistics",https://www.blinklastmile.com/en/,5,Inactive,Early,,,https://www.ycombinator.com/companies/blink
Wasp,Winter 2021,"Zagreb, Croatia; Remote",Configuration language for building enterprise web apps 10x faster,"B2B | Engineering, Product and Design","Developer Tools, Open Source",https://wasp-lang.dev/,2,Active,Early,,,https://www.ycombinator.com/companies/wasp
HUBUC,Winter 2021,"Barcelona, CT, Spain; London, England, United Kingdom",Global Card Issuing and Payment Processing Engine,Fintech | Payments,"Fintech, Payments, B2B, API, Infrastructure",https://www.hubuc.com/,11,Active,Early,,,https://www.ycombinator.com/companies/hubuc
Turing College,Winter 2021,"Vilnius, Vilnius County, Lithuania",AI-driven online tech school for busy professionals,Education,Education,https://www.turingcollege.com/,50,Active,Early,,,https://www.ycombinator.com/companies/turing-college
Routine,Winter 2021,"Paris, Île-de-France, France",AI-native all-in-one workspace for startups,B2B | Productivity,"Artificial Intelligence, Productivity, Collaboration, Automation",http://routine.co,8,Active,Early,,,https://www.ycombinator.com/companies/routine
MeetAnyway,Winter 2021,"Stuttgart, BW, Germany; Remote",We help run engaging online conferences.,B2B | Operations,"SaaS, B2B, Social",https://meetanyway.com,3,Inactive,Early,,,https://www.ycombinator.com/companies/meetanyway
MindPortal,Winter 2021,"London, England, United Kingdom",Thought-to-Language AI Models,Consumer | Consumer Electronics,"Artificial Intelligence, Neurotechnology, AI",https://www.mindportal.com,10,Active,Early,,,https://www.ycombinator.com/companies/mindportal
Nuntius Therapeutics,Winter 2021,"London, England, United Kingdom",Cell-specific genetic medicines,Healthcare | Therapeutics,"Gene Therapy, Nanomedicine",http://www.nuntiustx.com,2,Active,Early,,,https://www.ycombinator.com/companies/nuntius-therapeutics
Clear,Winter 2021,"London, England, United Kingdom; Remote",The social commerce app for skincare.,Consumer | Social,"Marketplace, Consumer, Digital Health, Data Engineering",https://getclearapp.com/,2,Active,Early,,,https://www.ycombinator.com/companies/clear
Kilobaser,Winter 2021,"Graz, Styria, Austria",Desktop DNA Printer. The Nespresso Machine for DNA.,Healthcare | Medical Devices,"Hard Tech, Hardware, Medical Devices",https://www.kilobaser.com,10,Active,Early,,,https://www.ycombinator.com/companies/kilobaser
PipeBio,Winter 2021,"Aarhus, Denmark; Remote",PipeBio is a SaaS bioinformatics platform to develop antibody drugs.,Healthcare | Therapeutics,"AI-powered Drug Discovery, Machine Learning, SaaS",https://pipebio.com,10,Acquired,Early,,,https://www.ycombinator.com/companies/pipebio
Reshape Biotech,Winter 2021,"Copenhagen, Denmark",Robots that automate the everyday tasks of microbiologists.,Healthcare | Industrial Bio,"Robotics, Biotech",http://reshapebiotech.com/,40,Active,Growth,,,https://www.ycombinator.com/companies/reshape-biotech
Terra API,Winter 2021,"London, England, United Kingdom",API for developers to access health data ,"B2B | Engineering, Product and Design","SaaS, B2B, Digital Health",http://tryterra.co,25,Active,Early,,,https://www.ycombinator.com/companies/terra-api
MagicBell,Winter 2021,"Barcelona, CT, Spain; Remote",The notification inbox for web/mobile applications.,"B2B | Engineering, Product and Design","Developer Tools, SaaS",https://www.magicbell.com,4,Active,Early,,,https://www.ycombinator.com/companies/magicbell
Camlist,Winter 2021,"London, England, United Kingdom; Remote",The super app for pets,Consumer | Home and Personal,"Marketplace, Video",https://www.camlist.com,5,Active,Early,,,https://www.ycombinator.com/companies/camelan
Kanda,Winter 2021,"Birmingham, England, United Kingdom; Remote",Affirm for general contractors,Fintech | Credit and Lending,"Fintech, SaaS, Proptech",https://www.getkanda.com/,8,Active,Early,,,https://www.ycombinator.com/companies/kanda
Photoroom,Summer 2020,"Paris, Île-de-France, France",Power commerce photography with generative AI,Consumer | Content,"Generative AI, Computer Vision, Design Tools, API, AI",https://photoroom.com/,100,Active,Growth,,,https://www.ycombinator.com/companies/photoroom
Depict,Summer 2020,"Stockholm, Stockholm County, Sweden",GPT Search & Merchandising for fashion e-commerce,B2B | Marketing,"Personalization, E-commerce, Fashion",https://depict.ai/,32,Active,Growth,,,https://www.ycombinator.com/companies/depict
Lightdash,Summer 2020,"London, England, United Kingdom; Remote",The open source Looker alternative ,B2B | Analytics,"Developer Tools, B2B, Analytics, Open Source, Data Visualization",http://lightdash.com/,23,Active,Growth,,,https://www.ycombinator.com/companies/hubble
Shuttle,Summer 2020,"London, England, United Kingdom",Build Backends. Fast.,B2B | Infrastructure,"Artificial Intelligence, Developer Tools, SaaS, Open Source, DevOps",https://www.shuttle.dev,12,Active,Early,,,https://www.ycombinator.com/companies/shuttle
QuestDB,Summer 2020,"London, England, United Kingdom; Remote",The fastest open source time series database,B2B | Infrastructure,"Developer Tools, Analytics, Open Source, Time Series",https://questdb.io/,30,Active,Early,,,https://www.ycombinator.com/companies/questdb
Hypermile,Summer 2020,"London, England, United Kingdom",Driver co-pilot to make trucking more efficient,"B2B | Engineering, Product and Design","Autonomous Trucking, Computer Vision, Logistics, Climate",https://hypermile.ai,11,Acquired,Early,,,https://www.ycombinator.com/companies/hypermile
Strive School,Summer 2020,"Berlin, Berlin, Germany; Remote",Training the next generation of software engineers in Europe 🇪🇺,Education,"Education, Fintech",https://strive.school,5,Acquired,Early,,,https://www.ycombinator.com/companies/strive-school
PowerUs,Summer 2020,"Berlin, Berlin, Germany",LinkedIn for skilled blue-collar workers ,Consumer | Job and Career Services,"B2B, Recruiting",https://www.powerus.de,80,Active,Growth,,,https://www.ycombinator.com/companies/powerus
Seal,Summer 2020,"London, England, United Kingdom",All-in-one workspace for companies making regulated products,B2B | Operations,Documents,https://seal.run,22,Active,Early,,,https://www.ycombinator.com/companies/seal-2
Bits,Summer 2020,"London, England, United Kingdom",Bits is a credit card designed to help people build credit,Fintech | Consumer Finance,Fintech,https://www.getbits.app,15,Active,Growth,,,https://www.ycombinator.com/companies/bits
Stacker,Summer 2020,"London, England, United Kingdom; Remote",Turns spreadsheets into internal apps and customer portals,B2B | Productivity,"SaaS, B2B, No-code",https://stackerhq.com,7,Active,Growth,,,https://www.ycombinator.com/companies/stacker
Mailwarm,Summer 2020,"Paris, Île-de-France, France",Prevents marketing emails from landing in spam.,B2B | Sales,"SaaS, B2B, Marketing, Email",https://www.mailwarm.com,6,Active,Early,,,https://www.ycombinator.com/companies/mailwarm
Memo,Summer 2020,"Exeter, England, United Kingdom; Remote",Memo is modern communication that helps you get your focus back,"B2B | Engineering, Product and Design",SaaS,https://sendmemo.app,2,Inactive,Early,,,https://www.ycombinator.com/companies/memo
Tella,Summer 2020,"Amsterdam, NH, Netherlands; Remote",The screen recorder that edits videos for you.,B2B | Productivity,"SaaS, B2B, Video",https://tella.tv/,6,Active,Early,,,https://www.ycombinator.com/companies/tella
Scrimba,Summer 2020,"Oslo, Oslo, Norway",We turn people into hireable devs for 1% of the price of code…,Education,"Education, eLearning",https://scrimba.com,6,Active,Early,,,https://www.ycombinator.com/companies/scrimba
OneKey,Summer 2020,"Paris, Île-de-France, France; Remote",Find the most profitable sites to build EV charging station,Fintech | Consumer Finance,"Energy Storage, Electric Vehicles",https://getonekey.io,3,Inactive,Early,,,https://www.ycombinator.com/companies/onekey
Minimum,Summer 2020,"London, England, United Kingdom",Helping corporates achieve Net Zero through tech solutions. ,Industrials | Climate,"Fintech, Climate",https://minimum.com,,Active,Early,,,https://www.ycombinator.com/companies/minimum
Akiflow,Summer 2020,"Padua, Veneto, Italy; Remote",All your tasks and calendars into an AI-powered productivity app,B2B | Productivity,Productivity,https://akiflow.com,18,Active,Early,,,https://www.ycombinator.com/companies/akiflow
CarbonChain,Summer 2020,"London, England, United Kingdom",We help companies automate the accounting of their carbon emissions,Industrials | Climate,Climate,https://carbonchain.com,16,Active,Growth,,,https://www.ycombinator.com/companies/carbonchain
Together Video Chat,Summer 2020,"Barcelona, CT, Spain; CT, Spain; Remote",Interactive video chat made for kids and families,Consumer | Home and Personal,"Education, Entertainment, Gaming",https://www.togethervideoapp.com/,1,Acquired,Early,,,https://www.ycombinator.com/companies/together-video-chat
Taktile,Summer 2020,"Berlin, Berlin, Germany",Empowering decision makers to make smarter and safer decisions at…,B2B,"Machine Learning, Enterprise Software",http://www.taktile.com,150,Active,Early,,,https://www.ycombinator.com/companies/taktile
Fancy,Summer 2020,United Kingdom,Essentials delivered in 30 minutes.,Consumer | Food and Beverage,"Grocery, Delivery",https://www.fancyapp.live/,50,Acquired,Early,,,https://www.ycombinator.com/companies/fancy
Nextstore,Summer 2020,"Paris, Île-de-France, France",Mobile optimized storefronts for Shopify,B2B | Marketing,"B2B, E-commerce",https://nextstore.com,6,Inactive,Early,,,https://www.ycombinator.com/companies/nextstore
Quell,Summer 2020,"London, England, United Kingdom",Get fit fighting your way through a fantasy world.,Consumer | Consumer Electronics,"Hardware, Machine Learning, Sports Tech, Fitness, Gaming",https://playquell.com,40,Inactive,Early,,,https://www.ycombinator.com/companies/quell
